﻿Designator,Footprint,Quantity,Value,LCSC Part #
"C1, C2",0603,2,100n,
"D1, D10, D11, D12, D13, D14, D15, D16, D17, D18, D19, D2, D20, D21, D22, D23, D24, D25, D26, D27, D28, D29, D3, D30, D31, D32, D33, D34, D35, D36, D37, D38, D39, D4, D40, D41, D42, D43, D44, D45, D46, D47, D48, D49, D5, D50, D51, D52, D53, D54, D55, D56, D57, D58, D59, D6, D60, D61, D62, D63, D64, D7, D8, D9",D_SOD-323,64,1N4148,
J1,PinHeader_2x05_P2.54mm_Vertical,1,to_rpi,
J10,PinHeader_2x04_P2.54mm_Vertical,1,B_Col_4_A,
J11,PinHeader_2x04_P2.54mm_Vertical,1,B_Col_4_B,
J12,PinHeader_2x04_P2.54mm_Vertical,1,B_Col_5_A,
J13,PinHeader_2x04_P2.54mm_Vertical,1,B_Col_5_B,
J14,PinHeader_2x04_P2.54mm_Vertical,1,B_Col_6_A,
J15,PinHeader_2x04_P2.54mm_Vertical,1,B_Col_6_B,
J16,PinHeader_2x04_P2.54mm_Vertical,1,B_Col_7_A,
J17,PinHeader_2x04_P2.54mm_Vertical,1,B_Col_7_B,
J18,PinHeader_2x05_P2.54mm_Vertical,1,to_button_matrix,
J2,PinHeader_2x04_P2.54mm_Vertical,1,B_Col_0_A,
J3,PinHeader_2x04_P2.54mm_Vertical,1,B_Col_0_B,
J4,PinHeader_2x04_P2.54mm_Vertical,1,B_Col_1_A,
J5,PinHeader_2x04_P2.54mm_Vertical,1,B_Col_1_B,
J6,PinHeader_2x04_P2.54mm_Vertical,1,B_Col_2_A,
J7,PinHeader_2x04_P2.54mm_Vertical,1,B_Col_2_B,
J8,PinHeader_2x04_P2.54mm_Vertical,1,B_Col_3_A,
J9,PinHeader_2x04_P2.54mm_Vertical,1,B_Col_3_B,
"R1, R2, R3, R4, R5, R6, R7, R8",0603,8,4K7,
U1,SOIC-16_3.9x9.9mm_P1.27mm,1,74HC138,
U2,SOIC-16_3.9x9.9mm_P1.27mm,1,74HC165,
